item,qty,spec,supplier,unit_cost_usd,make_buy,notes
1 Top hub plate,1,"3 mm carbon fibre sheet, 280 x 280 mm with the four corners cut square to the arms (66 mm chamfer faces); 16 M4 clearance holes for the hinge blocks, 4 M3 holes for the spacers, 30 mm cable hole at the centre",Carbon sheet supplier with a CNC routing service,45.00,make,Indicative; 0.35 kg from cad/src/model.py; KWL-DWG-101
2 Bottom hub plate,1,"3 mm carbon fibre sheet, 280 x 280 mm, same outline as item 1; extra holes for the Core dampers, gear top blocks, payload rails, DS-014 socket block and a 24 mm payload cable hole",Carbon sheet supplier with a CNC routing service,45.00,make,Indicative; 0.35 kg; KWL-DWG-102
3 Hub spacers and deck standoffs,8,"Aluminium round standoff 8 mm, M3 female both ends: four 60 mm (between the hub plates) and four 25 mm (hub to deck)",Hobby or industrial fastener supplier,2.50,buy,Indicative; one long M3 screw runs through each pair
4 Arm hinge blocks,4,"6061-T6 aluminium machined from 50 x 50 mm bar, 90 x 46 x 60 mm: bolting end with four M4 tapped holes top and bottom a lightening pocket and side pockets leaving 4.5 mm walls round the bolt bosses; 32 mm clevis slot with 7 mm cheeks with 2.5 mm deep outer pockets clear of the pin bosses; 8 mm pivot hole and 8 mm lock-pin hole; 10 x 10 mm stop bridge across the cheek tops",Local machine shop or online CNC service,63.00,make,"Indicative; 0.24 kg each; KWL-DWG-104; carries the thrust of one arm through the stop bridge; deeper pockets add about USD 15 of machining (KWL-DDR-003, decision 1 A)"
5 Arm root fittings,4,6061-T6 aluminium machined in one piece: tongue 65 x 30 x 48 mm with 8 mm pivot and lock holes a 22 x 24 mm window and side pockets leaving a 10 mm centre web and 4.5 mm round the pin holes; collar 48 mm OD x 50 mm with a 40.2 mm bore; two 5.2 mm cross holes,Local machine shop or online CNC service,52.00,make,Indicative; 0.26 kg each; KWL-DWG-105; deeper pockets add about USD 10 (KWL-DDR-003)
6 Arm tubes,4,"Roll-wrapped carbon tube 40 mm OD x 36 mm ID, cut to 410 mm; three 5.2 mm cross holes",Carbon tube supplier,24.00,make,Indicative; cut from 1 m lengths; bonded and bolted into items 5 and 7
7 Motor mounts,4,"6061-T6 aluminium split clamp 50 x 60 x 52 mm for a 40 mm tube, two halves on four M4 x 55 bolts, side pockets between the bolts leaving 4.5 mm walls; each outer face tapped for the motor (four M4 on a 35 mm circle, to suit the motor bought); one 5.2 mm cross hole",Local machine shop or online CNC service,43.00,make,Indicative; KWL-DWG-107; motor hole pattern confirmed when the motors are bought; side pockets add about USD 5 (KWL-DDR-003)
8 Hinge pivot bolts,4,"Stainless M8 shoulder bolt, 8 mm x 50 mm shoulder, with nyloc nut and two washers",Fastener supplier,4.00,buy,Indicative
9 Arm lock pins,4,"8 mm ball-lock quick-release pin, about 55 mm grip, ring handle, lanyard and red flag",Industrial tooling supplier,16.00,buy,Indicative; tethered to the hinge block by the lanyard
10 Motors,8,"Brushless outrunner for 30 inch propellers: about 100 KV, 12S to 16S, about 450 g, maker's figure about 10 kg static thrust with a 30 x 10 propeller at 51 V; 4 x M4 base on a 35 mm circle",Drone propulsion maker (heavy-lift class),185.00,buy,Indicative; to be proven on AltiRig at 5000 m density (R3)
11 Motor controllers,8,"ESC rated 16S (67 V), 80 A continuous, CAN or DShot with telemetry, IP-rated potting preferred, about 110 g",Drone propulsion maker,85.00,buy,Indicative; strapped to the arm tube
12 Folding propellers,8,"30 x 10 carbon folding propeller with hub, 4 CW and 4 CCW (upper and lower rotors turn opposite ways)",Drone propulsion maker,55.00,buy,Indicative; balanced before fitting
13 Gear top blocks,4,"6061 aluminium machined from 30 x 40 mm bar, 25 mm tall, with a 20.1 mm socket at 13.4 degrees and two M4 tapped holes",Local machine shop or online CNC service,18.00,make,Indicative; KWL-DWG-108
14 Skid blocks,4,"6061 aluminium machined, 30 x 30 x 50 mm, with a 20.1 mm cross bore for the skid, a 20.1 mm socket at 13.4 degrees for the strut and an M4 cross bolt",Local machine shop or online CNC service,18.00,make,Indicative; KWL-DWG-108
15 Gear struts,4,"Carbon tube 20 mm OD x 17 mm ID, cut to 475 mm",Carbon tube supplier,8.00,make,Indicative; bonded into items 13 and 14
16 Skids with end caps,2,"Carbon tube 20 mm OD x 17 mm ID, cut to 340 mm, with two 24 mm rubber end caps each",Carbon tube supplier,9.00,make,Indicative
17 Battery deck,1,"3 mm carbon fibre sheet 290 x 430 mm, corners chamfered 35 mm; eight 30 x 4 mm strap slots, six M4 guide holes, four M3 standoff holes, 17 mm centre hole",Carbon sheet supplier with a CNC routing service,65.00,make,Indicative; KWL-DWG-103; sized for the 378 mm lithium-ion packs (KWL-DDR-003; was 330 x 290)
18 Pack guides,2,"Aluminium angle 20 x 20 x 2 mm, cut to 210 mm, three M4 holes",Metal stockholder,4.00,make,Indicative
19 Pack straps,4,"25 mm cam-buckle strap with rubber backing, 600 mm",Outdoor or drone supplier,6.00,buy,Indicative
20 GNSS mast,1,"Carbon 16 mm GNSS mast, 230 mm, with a foot clamp; carries the Core GNSS puck",Drone parts supplier,25.00,buy,Indicative
21 Kitewright Core stack,1,"Autopilot, GNSS and compass, telemetry and control radios, ColdCell power bus with tether input; 150 x 100 x 40 mm envelope on four 10 mm rubber dampers (interface assumption)",Kitewright Core design (sibling repository),950.00,buy,"Indicative; Lift's share of the core; Core R9 is 1.0 kg with the payload mount (estimate 0.996 kg, KWC-DDR-003); the power leads are now in line 24"
22 Core payload mount,1,"Two rails 260 x 20 x 22 mm with 8 mm slots, 6 mm ball-lock payload pin, DS-014 socket block; fitted under the bottom plate on M4 screws (interface assumption)",Kitewright Core design (sibling repository),100.00,buy,Indicative; mass included in item 21
23 ColdCell packs,2,"ColdCell lithium-ion variant, 14S3P of 21700 high-power cells (4.5 Ah, 45 A class), external film heaters, 14S BMS with charge lockout and 60 C discharge cut-out, 50.4 V, 680 Wh, about 3.84 kg, 378 x 90 x 86 mm, AS150 pigtail (CCL-DDR-003, CCL-DWG-002)",ColdCell design (sibling repository),662.00,buy,Indicative; ColdCell bom lines 20 to 34; decision 2 option A (KWL-DDR-003); was 16S2P LiFePO4 at USD 420
24 Power wiring,1,"10 AWG and 12 AWG silicone wire, AS150 and XT60 connectors, motor-lead extensions, spiral wrap, cable ties; plus the Core power leads: 8 AWG silicone wire red and black 2 m and four AS150 halves (two pack inputs, two frame outputs), soldered to the Core's board pads and tied to its strain-relief bar",Electronics supplier,150.00,buy,"Indicative; 0.77 kg; the Core leads (USD 60, 124 g) moved here from the Kitewright Core (KWC-DDR-003)"
25 Fastener and bonding kit,1,"Stainless M3, M4 and M5 screws, nyloc nuts and washers; medium threadlocker; structural epoxy for the tube joints",Fastener and adhesive supplier,60.00,buy,Indicative
26 Payload plate (float release),1,"6061-T6 plate 240 x 124 x 6 mm with two 50 mm lightening holes, a 20 x 20 x 10 mm lock lug with a 6.3 mm cross hole, and the DS-014 plug mount",Local machine shop or online CNC service,35.00,make,Indicative; KWL-DWG-109; payload only (not in R11)
27 Float saddles,2,"PETG, 3D printed, 20 x 100 x 40 mm with a 121 mm round seat",3D printing service or makerspace,4.00,make,Indicative; payload only
28 Release unit,1,"Servo-driven pin release rated 10 kg, PWM or DS-014 controlled, fails closed",Drone payload supplier,45.00,buy,Indicative; payload only
29 Float sling,1,25 mm polyester webbing loop round the float with a sewn release loop,Sewn locally,8.00,make,Indicative; payload only
30 Rescue float and line bag,1,Closed-cell foam rescue float 120 mm x 420 mm (about 0.6 kg) with 30 m of 6 mm floating line in a throw bag; the line is never tied to the aircraft,Water rescue supplier,75.00,buy,Indicative; payload only
31 Payload plate (tether module),1,"Same as item 26, drilled for the converter",Local machine shop or online CNC service,35.00,make,Indicative; KWL-DWG-110; payload only
32 Tether DC-DC converter,1,"Isolated DC-DC converter, 380 to 420 V in, 51 V out, 4 kW, conduction cooled with fins, about 1.4 kg, 200 x 110 x 65 mm",Power electronics supplier,950.00,buy,Indicative; payload only
33 Tether breakaway connector,1,"Two-pole, 600 V, 15 A, pull release at about 200 N",Connector supplier,120.00,buy,Indicative; payload only
34 Tether,1,"60 m: two 0.75 mm2 conductors, 600 V insulation, aramid strength member, about 25 g/m",Cable supplier,360.00,buy,Indicative; ground equipment
35 Ground power supply,1,"400 V DC fixed-voltage isolated supply, 4.5 kW, current limit, from a generator or the grid",Power electronics supplier,1400.00,buy,Indicative; ground equipment
36 Tether reel,1,"Hand reel with a slip ring rated 600 V and 15 A, brake, 80 m capacity",Cable reel supplier,450.00,buy,Indicative; ground equipment
37 Ground safety set,1,"Insulation monitor, emergency stop, residual-current protection and earthing kit for the ground supply",Electrical supplier,180.00,buy,Indicative; ground equipment
38 Payload plugs,2,DS-014 mating plug for each payload plate,Kitewright Core design (sibling repository),25.00,buy,Indicative; payload only
